{
  "en": {
    "menu": {
      "main": "main",
      "tours": "tours",
      "about": "about",
      "contacts": "contacts",
      "reserve": "reserve",
      "lang": "RU"
    },
    "content": {
      "title": [ "Чон-Кемин", "Беш-Кунгей" ],
      "description": [
        "Гостевой дом Чон Кемин - 150 км от города, 3 км от села Карол-Добо. Огороженная территория у леса. Горы, речка, родники, девственный лес Национального заповедника. Безопасность гарантирована.",
        "Гостевой дом Беш-Кунгей - 15 км от города Бишкек в селе Беш-Кунгей на участке 25 соток. Фруктовый сад. Безопасность гарантирована."
      ],
      "housingTitle": "Accomodation",
      "housing": [
        [
          "В доме - в комнате по 2-4 человека. Имеются Все удобства - сан узел, горячая вода, баня-сауна, отопление. Стоимость: 700 сом/сутки.",
          "Юрта в саду. Стоимость: 400 сом/сутки.",
          "3 разовое питание - 800 сом в день",
          "2 разовое питание (завтрак,ужин) - 450 сом в день"
          ],
        [
          "В домике - в комнате по 2 человека, имеются все удобства: сан узел, горячая вода, отопление. Стоимость: 700 сом/сутки.",
          "В юртах - от 3 до 8 человек. Стоимость: 400 сом/сутки.",
          "В палатке - от 2 до 4 человек со своими спальными мешками. Стоимость: 200 сом/сутки.",
          "3 разовое питание - 800 сом в день",
          "2 разовое питание (завтрак,ужин) - 450 сом в день"
        ]
         ],
      "moreTitle": "Additional services",
      "more" : [
        [
          "- Пешие прогулки и конные прогулки 2- часовые и более, возможны с ночевкой.",
          "- Фото охота.",
          "- Организация просмотра национальных игр и обычаев, народно-прикладного творчества.",
          "- Возможна встреча в Аэропорту Манас, трансфер (доставка) в пункт назначения и обратный трансфер в аэропорт Манас."
        ],
        [
          "- Пешие прогулки и конные прогулки по Аламединскому ущелью до перевала Аламедин и ледника Семенова.",
          "- Прогулки на велосипедах.",
          "- Рыбалка.",
          "- Организация просмотра национальных игр и обычаев, народно-прикладного творчества.",
          "- Возможна встреча в Аэропорту Манас, трансфер (доставка) в пункт назначения и обратный трансфер в аэропорт Манас."
        ]
      ],
      "images": [
        "1.jpeg",
        "2.jpeg"
      ]
    }
  },
  "ru": {
    "menu": {
      "main": "Главная",
      "tours": "Туры",
      "about": "О нас",
      "contacts": "Контакты",
      "reserve": "Бронь",
      "lang": "EN"
    },
    "content": {
      "title": [ "Чон-Кемин", "Беш-Кунгей" ],
      "description": [
        "Гостевой дом Чон Кемин - 150 км от города, 3 км от села Карол-Добо. Огороженная территория у леса. Горы, речка, родники, девственный лес Национального заповедника. Безопасность гарантирована.",
        "Гостевой дом Беш-Кунгей - 15 км от города Бишкек в селе Беш-Кунгей на участке 25 соток. Фруктовый сад. Безопасность гарантирована."
      ],
      "housingTitle": "Проживание",
      "housing": [
        [
          "В доме - в комнате по 2-4 человека. Имеются Все удобства - сан узел, горячая вода, баня-сауна, отопление. Стоимость: 700 сом/сутки.",
          "Юрта в саду. Стоимость: 400 сом/сутки.",
          "3 разовое питание - 800 сом в день",
          "2 разовое питание (завтрак,ужин) - 450 сом в день"
          ],
        [
          "В домике - в комнате по 2 человека, имеются все удобства: сан узел, горячая вода, отопление. Стоимость: 700 сом/сутки.",
          "В юртах - от 3 до 8 человек. Стоимость: 400 сом/сутки.",
          "В палатке - от 2 до 4 человек со своими спальными мешками. Стоимость: 200 сом/сутки.",
          "3 разовое питание - 800 сом в день",
          "2 разовое питание (завтрак,ужин) - 450 сом в день"
        ]
         ],
      "moreTitle": "Дополнительные услуги",
      "more" : [
        [
          "- Пешие прогулки и конные прогулки 2- часовые и более, возможны с ночевкой.",
          "- Фото охота.",
          "- Организация просмотра национальных игр и обычаев, народно-прикладного творчества.",
          "- Возможна встреча в Аэропорту Манас, трансфер (доставка) в пункт назначения и обратный трансфер в аэропорт Манас."
        ],
        [
          "- Пешие прогулки и конные прогулки по Аламединскому ущелью до перевала Аламедин и ледника Семенова.",
          "- Прогулки на велосипедах.",
          "- Рыбалка.",
          "- Организация просмотра национальных игр и обычаев, народно-прикладного творчества.",
          "- Возможна встреча в Аэропорту Манас, трансфер (доставка) в пункт назначения и обратный трансфер в аэропорт Манас."
        ]
      ],
      "images": [
        "1.jpeg",
        "2.jpeg"
      ]
    }
  }
}
